strain,insertion: 40bp @ ref pos 0,insertion: 6bp @ ref pos 89,insertion: 1bp @ ref pos 121,insertion: 1bp @ ref pos 384,insertion: 1bp @ ref pos 568,insertion: 1bp @ ref pos 569,insertion: 2bp @ ref pos 599,insertion: 2bp @ ref pos 611,insertion: 29bp @ ref pos 7137
MZ153280,CTTAGACAACCTGGAGAGTTGCCTGCTATTGGTCTTATAT,,,,,,,,AAAA
MK501734,GA,,,,,,,,
MN749147,,CCCTTC,,,T,,,,
MZ629149,,,G,,,,AT,,
KY369898,,,T,,,T,,,
JN815255,,,T,,,,,,
KC881032,,,,T,,,,,
MN749153,,,,,T,,,,AA
MN749156,,,,,T,,,,
MN749157,,,,,T,,,,
OM001426,,,,,,T,,,AA
OK181473,,,,,,T,,,AAAA
MZ670587,,,,,,T,,,AAAA
OK161363,,,,,,T,,,AAAA
MZ670582,,,,,,T,,,AAAA
MN749150,,,,,,,,AT,
JN837694,,,,,,,,AT,
JQ837724,,,,,,,,AT,
OK181502,,,,,,,,AT,AAAA
OK539479,,,,,,,,,AA
OL133743,,,,,,,,,AA
OL365069,,,,,,,,,AA
OL638411,,,,,,,,,AA
OL638432,,,,,,,,,AA
OL638439,,,,,,,,,AA
OK649374,,,,,,,,,AA
OK649373,,,,,,,,,AA
OL365071,,,,,,,,,AA
OL638443,,,,,,,,,AA
OL961523,,,,,,,,,AA
OL961548,,,,,,,,,AA
OM001396,,,,,,,,,AA
OK649368,,,,,,,,,AA
OL133754,,,,,,,,,AA
OK539493,,,,,,,,,AA
OM001384,,,,,,,,,AA
OL133765,,,,,,,,,AA
OM001421,,,,,,,,,AA
OK649401,,,,,,,,,AA
OL638452,,,,,,,,,AA
OM001378,,,,,,,,,AA
OL133728,,,,,,,,,AA
OL133762,,,,,,,,,AA
OK539508,,,,,,,,,AA
OK649405,,,,,,,,,AA
OM001436,,,,,,,,,AA
OK181470,,,,,,,,,AA
OK649411,,,,,,,,,AA
OK649419,,,,,,,,,AA
OK539460,,,,,,,,,AA
OM001458,,,,,,,,,AA
OK181479,,,,,,,,,AA
OL133764,,,,,,,,,AA
OM001462,,,,,,,,,AA
OK161353,,,,,,,,,AA
OL638423,,,,,,,,,AA
OL638438,,,,,,,,,AA
OK539492,,,,,,,,,AA
OM001370,,,,,,,,,AA
OL961527,,,,,,,,,AA
OM001369,,,,,,,,,AA
OL638428,,,,,,,,,AA
OL133742,,,,,,,,,AA
OK254844,,,,,,,,,AA
OK649375,,,,,,,,,AA
OK649421,,,,,,,,,AA
OL961528,,,,,,,,,AA
OK649415,,,,,,,,,AA
OL133752,,,,,,,,,AA
OK539482,,,,,,,,,AA
OM001433,,,,,,,,,AA
OL638404,,,,,,,,,AA
OL638416,,,,,,,,,AA
OL638405,,,,,,,,,AA
OL961536,,,,,,,,,AA
OL133749,,,,,,,,,AA
OK539507,,,,,,,,,AA
OM001399,,,,,,,,,AA
OK649408,,,,,,,,,AA
OL961543,,,,,,,,,AA
OM001361,,,,,,,,,AA
OK017956,,,,,,,,,AA
OM001376,,,,,,,,,AA
OL638430,,,,,,,,,AA
OM001432,,,,,,,,,AA
OK539489,,,,,,,,,AA
OK161388,,,,,,,,,AA
OM001461,,,,,,,,,AA
OK649383,,,,,,,,,AA
OL638414,,,,,,,,,AA
OM001416,,,,,,,,,AA
OM001441,,,,,,,,,AA
OL133725,,,,,,,,,AA
OK254875,,,,,,,,,AA
OL638440,,,,,,,,,AA
OL133755,,,,,,,,,AA
OL638466,,,,,,,,,AA
OM001470,,,,,,,,,AA
OK539469,,,,,,,,,AA
OL961519,,,,,,,,,AA
OK539483,,,,,,,,,AA
OL961546,,,,,,,,,AA
OK539461,,,,,,,,,AA
OL133745,,,,,,,,,AA
OK649420,,,,,,,,,AA
OK161407,,,,,,,,,AA
OK649423,,,,,,,,,AA
OL638429,,,,,,,,,AA
OK649360,,,,,,,,,AA
OL133729,,,,,,,,,AA
OM001383,,,,,,,,,AA
OM001427,,,,,,,,,AA
OL133763,,,,,,,,,AA
OK649390,,,,,,,,,AA
OM001347,,,,,,,,,AA
OK539500,,,,,,,,,AA
OM001424,,,,,,,,,AA
OL133759,,,,,,,,,AA
OK649424,,,,,,,,,AA
OL133731,,,,,,,,,AA
OK539506,,,,,,,,,AA
OM001430,,,,,,,,,AA
MZ268732,,,,,,,,,AA
OK254859,,,,,,,,,AA
OK539470,,,,,,,,,AA
OK539463,,,,,,,,,AA
OM001364,,,,,,,,,AA
OM001391,,,,,,,,,AA
OL638407,,,,,,,,,AA
OK539480,,,,,,,,,AA
OK649366,,,,,,,,,AA
OM001357,,,,,,,,,AA
OM001379,,,,,,,,,AA
OL133744,,,,,,,,,AA
OK539486,,,,,,,,,AA
OL638450,,,,,,,,,AA
OL638457,,,,,,,,,AA
OK649370,,,,,,,,,AA
OK649406,,,,,,,,,AA
OK161401,,,,,,,,,AA
OK539485,,,,,,,,,AA
OK649417,,,,,,,,,AA
MZ629124,,,,,,,,,AA
OM001359,,,,,,,,,AA
OK539475,,,,,,,,,AA
OK649382,,,,,,,,,AA
OM001457,,,,,,,,,AA
OL133737,,,,,,,,,AA
OK539490,,,,,,,,,AA
OM001388,,,,,,,,,AA
OL638436,,,,,,,,,AA
OM001414,,,,,,,,,AA
OL133732,,,,,,,,,AA
OK539481,,,,,,,,,AA
OL133746,,,,,,,,,AA
OM001389,,,,,,,,,AA
OM001410,,,,,,,,,AA
LC699424,,,,,,,,,AAAAAAAAAAAAAAAAAAAAAAAAAAAAA
OM001419,,,,,,,,,AAAA
OK161412,,,,,,,,,AAAA
OK539497,,,,,,,,,AAAA
OK181498,,,,,,,,,AAAA
OK254851,,,,,,,,,AAAA
OK161399,,,,,,,,,AAAA
OK181456,,,,,,,,,AAAA
OK181485,,,,,,,,,AAAA
MZ835605,,,,,,,,,AAAA
OK181463,,,,,,,,,AAAA
MZ835563,,,,,,,,,AAAA
MZ460702,,,,,,,,,AAAA
MZ835580,,,,,,,,,AAAA
OK254845,,,,,,,,,AAAA
OK161362,,,,,,,,,AAAA
OK161411,,,,,,,,,AAAA
MZ835611,,,,,,,,,AAAA
OK161357,,,,,,,,,AAAA
OK161376,,,,,,,,,AAAA
OK254843,,,,,,,,,AAAA
OK254838,,,,,,,,,AAAA
OK254877,,,,,,,,,AAAA
OK254873,,,,,,,,,AAAA
OK017941,,,,,,,,,AAAA
MZ629132,,,,,,,,,AAAA
OK254864,,,,,,,,,AAAA
MZ835589,,,,,,,,,AAAA
MZ835606,,,,,,,,,AAAA
OK254837,,,,,,,,,AAAA
MZ835607,,,,,,,,,AAAA
OK254867,,,,,,,,,AAAA
MZ835603,,,,,,,,,AAAA
OK254842,,,,,,,,,AAAA
OK161383,,,,,,,,,AAAA
OK161389,,,,,,,,,AAAA
MZ670573,,,,,,,,,AAAA
MZ670574,,,,,,,,,AAAA
MZ835594,,,,,,,,,AAAA
OK017929,,,,,,,,,AAAA
MZ363421,,,,,,,,,AAAA
MZ268665,,,,,,,,,AAAA
MZ153265,,,,,,,,,AAAA
OK181460,,,,,,,,,AAAA
MZ835592,,,,,,,,,AAAA
MZ460674,,,,,,,,,AAAA
MZ268672,,,,,,,,,AAAA
MZ268703,,,,,,,,,AAAA
OK181477,,,,,,,,,AAAA
OK181478,,,,,,,,,AAAA
MZ629138,,,,,,,,,AAAA
MZ427506,,,,,,,,,AAAA
OK181490,,,,,,,,,AAAA
OK017968,,,,,,,,,AAAA
OK161369,,,,,,,,,AAAA
MZ629152,,,,,,,,,AAAA
OK181496,,,,,,,,,AAAA
OK254826,,,,,,,,,AAAA
OK181459,,,,,,,,,AAAA
OK161370,,,,,,,,,AAAA
OK161390,,,,,,,,,AAAA
OK181469,,,,,,,,,AAAA
OK181474,,,,,,,,,AAAA
MZ629118,,,,,,,,,AAAA
OK181481,,,,,,,,,AAAA
OK254830,,,,,,,,,AAAA
OK017933,,,,,,,,,AAAA
MZ268740,,,,,,,,,AAAA
OK161361,,,,,,,,,AAAA
OK161365,,,,,,,,,AAAA
OK161394,,,,,,,,,AAAA
MZ670579,,,,,,,,,AAAA
OK254857,,,,,,,,,AAAA
OK161387,,,,,,,,,AAAA
MZ670594,,,,,,,,,AAAA
MZ670578,,,,,,,,,AAAA
MZ629114,,,,,,,,,AAAA
OK161405,,,,,,,,,AAAA
OK254833,,,,,,,,,AAAA
OK254879,,,,,,,,,AAAA
OK181476,,,,,,,,,AAAA
OK254827,,,,,,,,,AAAA
MZ835578,,,,,,,,,AAAA
OK649414,,,,,,,,,A
OM001345,,,,,,,,,A
OK181453,,,,,,,,,A
